IP地址,端口,TLS,数据中心,地区,城市,网络延迟,下载速度
141.147.178.135,8443,TRUE,HKG,Asia Pacific,Hong Kong,246 ms,39667 kB/s
138.2.104.2,8443,TRUE,SIN,Asia Pacific,Singapore,50 ms,32772 kB/s
158.101.137.96,8443,TRUE,NRT,Asia Pacific,Tokyo,186 ms,25028 kB/s
155.248.160.83,8443,TRUE,NRT,Asia Pacific,Tokyo,189 ms,22102 kB/s
152.70.99.187,8443,TRUE,NRT,Asia Pacific,Tokyo,190 ms,21874 kB/s
158.101.144.189,8443,TRUE,NRT,Asia Pacific,Tokyo,186 ms,19762 kB/s
141.147.168.13,8443,TRUE,NRT,Asia Pacific,Tokyo,183 ms,18935 kB/s
150.230.204.117,8443,TRUE,NRT,Asia Pacific,Tokyo,184 ms,18636 kB/s
168.138.212.40,8443,TRUE,NRT,Asia Pacific,Tokyo,176 ms,18406 kB/s
140.238.46.138,8443,TRUE,NRT,Asia Pacific,Tokyo,186 ms,18278 kB/s
132.145.127.21,8443,TRUE,NRT,Asia Pacific,Tokyo,176 ms,17725 kB/s
158.101.140.154,8443,TRUE,NRT,Asia Pacific,Tokyo,184 ms,17459 kB/s
132.145.121.34,8443,TRUE,NRT,Asia Pacific,Tokyo,188 ms,17234 kB/s
140.83.38.243,8443,TRUE,NRT,Asia Pacific,Tokyo,183 ms,17201 kB/s
132.145.124.198,8443,TRUE,NRT,Asia Pacific,Tokyo,187 ms,17190 kB/s
158.101.88.214,8443,TRUE,NRT,Asia Pacific,Tokyo,205 ms,16572 kB/s
131.186.63.127,8443,TRUE,NRT,Asia Pacific,Tokyo,186 ms,16321 kB/s
158.101.149.71,8443,TRUE,NRT,Asia Pacific,Tokyo,185 ms,15893 kB/s
132.145.125.165,8443,TRUE,NRT,Asia Pacific,Tokyo,182 ms,15841 kB/s
132.145.120.182,8443,TRUE,NRT,Asia Pacific,Tokyo,186 ms,15532 kB/s
132.226.5.21,8443,TRUE,NRT,Asia Pacific,Tokyo,189 ms,15501 kB/s
158.101.149.52,8443,TRUE,NRT,Asia Pacific,Tokyo,177 ms,15298 kB/s
131.186.60.162,8443,TRUE,NRT,Asia Pacific,Tokyo,181 ms,15231 kB/s
132.145.123.14,8443,TRUE,NRT,Asia Pacific,Tokyo,188 ms,14896 kB/s
150.230.197.156,8443,TRUE,NRT,Asia Pacific,Tokyo,189 ms,14857 kB/s
131.186.36.248,8443,TRUE,NRT,Asia Pacific,Tokyo,200 ms,14834 kB/s
158.101.90.190,8443,TRUE,NRT,Asia Pacific,Tokyo,174 ms,14787 kB/s
141.147.169.195,8443,TRUE,NRT,Asia Pacific,Tokyo,179 ms,14779 kB/s
140.238.32.184,8443,TRUE,NRT,Asia Pacific,Tokyo,183 ms,14771 kB/s
158.101.158.238,8443,TRUE,NRT,Asia Pacific,Tokyo,190 ms,14761 kB/s
131.186.61.45,8443,TRUE,NRT,Asia Pacific,Tokyo,181 ms,14458 kB/s
168.138.206.68,8443,TRUE,NRT,Asia Pacific,Tokyo,178 ms,14371 kB/s
150.230.219.168,8443,TRUE,NRT,Asia Pacific,Tokyo,185 ms,14370 kB/s
152.70.106.13,8443,TRUE,NRT,Asia Pacific,Tokyo,183 ms,14359 kB/s
155.248.167.70,8443,TRUE,NRT,Asia Pacific,Tokyo,180 ms,14315 kB/s
152.70.98.174,8443,TRUE,NRT,Asia Pacific,Tokyo,188 ms,14257 kB/s
140.83.34.230,8443,TRUE,NRT,Asia Pacific,Tokyo,188 ms,14192 kB/s
158.101.150.126,8443,TRUE,NRT,Asia Pacific,Tokyo,179 ms,14101 kB/s
158.101.69.144,8443,TRUE,NRT,Asia Pacific,Tokyo,193 ms,14071 kB/s
131.186.44.38,8443,TRUE,NRT,Asia Pacific,Tokyo,185 ms,13828 kB/s
158.101.158.251,8443,TRUE,NRT,Asia Pacific,Tokyo,186 ms,13825 kB/s
132.145.120.115,8443,TRUE,NRT,Asia Pacific,Tokyo,184 ms,13756 kB/s
168.138.212.184,8443,TRUE,NRT,Asia Pacific,Tokyo,180 ms,13601 kB/s
141.147.168.159,8443,TRUE,NRT,Asia Pacific,Tokyo,181 ms,13595 kB/s
141.147.169.131,8443,TRUE,NRT,Asia Pacific,Tokyo,182 ms,13506 kB/s
140.238.61.78,8443,TRUE,NRT,Asia Pacific,Tokyo,182 ms,13498 kB/s
150.230.219.83,8443,TRUE,NRT,Asia Pacific,Tokyo,186 ms,13361 kB/s
131.186.39.42,8443,TRUE,NRT,Asia Pacific,Tokyo,186 ms,13052 kB/s
150.230.212.9,8443,TRUE,NRT,Asia Pacific,Tokyo,184 ms,13005 kB/s
155.248.169.25,8443,TRUE,NRT,Asia Pacific,Tokyo,215 ms,12899 kB/s
140.238.35.195,8443,TRUE,NRT,Asia Pacific,Tokyo,174 ms,12861 kB/s
168.138.200.159,8443,TRUE,NRT,Asia Pacific,Tokyo,179 ms,12706 kB/s
140.238.33.165,8443,TRUE,NRT,Asia Pacific,Tokyo,175 ms,12651 kB/s
158.101.147.4,8443,TRUE,NRT,Asia Pacific,Tokyo,186 ms,12601 kB/s
140.238.41.167,8443,TRUE,NRT,Asia Pacific,Tokyo,190 ms,12535 kB/s
132.145.127.51,8443,TRUE,NRT,Asia Pacific,Tokyo,188 ms,12433 kB/s
158.101.149.81,8443,TRUE,NRT,Asia Pacific,Tokyo,187 ms,12421 kB/s
130.61.203.115,8443,TRUE,FRA,Europe,Frankfurt,158 ms,12415 kB/s
192.9.246.112,8443,TRUE,SJC,North America,San Jose,171 ms,12324 kB/s
168.138.194.121,8443,TRUE,NRT,Asia Pacific,Tokyo,182 ms,12255 kB/s
158.101.131.218,8443,TRUE,NRT,Asia Pacific,Tokyo,175 ms,12102 kB/s
168.138.217.146,8443,TRUE,NRT,Asia Pacific,Tokyo,186 ms,11991 kB/s
150.230.220.232,8443,TRUE,NRT,Asia Pacific,Tokyo,177 ms,11977 kB/s
168.138.209.244,8443,TRUE,NRT,Asia Pacific,Tokyo,185 ms,11955 kB/s
150.230.221.114,8443,TRUE,NRT,Asia Pacific,Tokyo,179 ms,11905 kB/s
141.147.183.96,8443,TRUE,NRT,Asia Pacific,Tokyo,182 ms,11776 kB/s
138.2.25.122,8443,TRUE,NRT,Asia Pacific,Tokyo,186 ms,11668 kB/s
140.238.35.138,8443,TRUE,NRT,Asia Pacific,Tokyo,182 ms,11553 kB/s
168.138.198.53,8443,TRUE,NRT,Asia Pacific,Tokyo,187 ms,11524 kB/s
132.145.112.168,8443,TRUE,NRT,Asia Pacific,Tokyo,185 ms,11468 kB/s
141.147.174.190,8443,TRUE,NRT,Asia Pacific,Tokyo,176 ms,11439 kB/s
132.145.121.175,8443,TRUE,NRT,Asia Pacific,Tokyo,178 ms,11346 kB/s
140.238.34.208,8443,TRUE,NRT,Asia Pacific,Tokyo,190 ms,11301 kB/s
132.145.114.14,8443,TRUE,NRT,Asia Pacific,Tokyo,179 ms,11283 kB/s
155.248.180.103,8443,TRUE,NRT,Asia Pacific,Tokyo,183 ms,11125 kB/s
131.186.47.255,8443,TRUE,NRT,Asia Pacific,Tokyo,187 ms,11120 kB/s
158.101.133.129,8443,TRUE,NRT,Asia Pacific,Tokyo,190 ms,11043 kB/s
132.226.5.76,8443,TRUE,NRT,Asia Pacific,Tokyo,185 ms,11023 kB/s
138.2.14.164,8443,TRUE,NRT,Asia Pacific,Tokyo,188 ms,11007 kB/s
168.138.205.195,8443,TRUE,NRT,Asia Pacific,Tokyo,182 ms,10862 kB/s
158.101.69.12,8443,TRUE,NRT,Asia Pacific,Tokyo,194 ms,10854 kB/s
168.138.185.28,8443,TRUE,SIN,Asia Pacific,Singapore,208 ms,10840 kB/s
141.144.204.27,8443,TRUE,AMS,Europe,Amsterdam,191 ms,10807 kB/s
131.186.47.223,8443,TRUE,NRT,Asia Pacific,Tokyo,187 ms,10493 kB/s
168.138.202.169,8443,TRUE,NRT,Asia Pacific,Tokyo,186 ms,10424 kB/s
132.145.126.21,8443,TRUE,NRT,Asia Pacific,Tokyo,181 ms,10304 kB/s
140.238.52.141,8443,TRUE,NRT,Asia Pacific,Tokyo,183 ms,10287 kB/s
152.70.106.185,8443,TRUE,NRT,Asia Pacific,Tokyo,187 ms,10279 kB/s
152.70.111.251,8443,TRUE,NRT,Asia Pacific,Tokyo,182 ms,10002 kB/s
141.147.166.189,8443,TRUE,NRT,Asia Pacific,Tokyo,187 ms,9291 kB/s
150.230.208.83,8443,TRUE,NRT,Asia Pacific,Tokyo,181 ms,9247 kB/s
155.248.186.182,8443,TRUE,NRT,Asia Pacific,Tokyo,183 ms,9187 kB/s
138.3.218.160,8443,TRUE,NRT,Asia Pacific,Tokyo,188 ms,9115 kB/s
150.230.207.53,8443,TRUE,NRT,Asia Pacific,Tokyo,184 ms,8997 kB/s
168.138.209.84,8443,TRUE,NRT,Asia Pacific,Tokyo,182 ms,8964 kB/s
138.3.222.204,8443,TRUE,NRT,Asia Pacific,Tokyo,183 ms,8683 kB/s
138.2.36.157,8443,TRUE,KIX,Asia Pacific,Osaka,189 ms,8616 kB/s
141.147.160.221,8443,TRUE,NRT,Asia Pacific,Tokyo,183 ms,8547 kB/s
138.2.10.251,8443,TRUE,NRT,Asia Pacific,Tokyo,188 ms,8541 kB/s
132.145.121.242,8443,TRUE,HKG,Asia Pacific,Hong Kong,246 ms,8367 kB/s
141.147.178.115,8443,TRUE,NRT,Asia Pacific,Tokyo,182 ms,7532 kB/s
131.186.43.107,8443,TRUE,NRT,Asia Pacific,Tokyo,189 ms,7512 kB/s
129.154.254.254,8443,TRUE,BOM,Asia Pacific,Mumbai,207 ms,7282 kB/s
130.61.107.238,8443,TRUE,FRA,Europe,Frankfurt,167 ms,7053 kB/s
204.216.105.106,8443,TRUE,YYZ,North America,Toronto,267 ms,6510 kB/s
131.186.43.207,8443,TRUE,NRT,Asia Pacific,Tokyo,187 ms,5931 kB/s
150.136.241.40,8443,TRUE,IAD,North America,Ashburn,238 ms,5917 kB/s
108.165.169.221,8443,TRUE,YVR,North America,Vancouver,188 ms,5686 kB/s
152.69.199.70,8443,TRUE,KIX,Asia Pacific,Osaka,189 ms,5607 kB/s
152.70.123.225,8443,TRUE,SJC,North America,San Jose,176 ms,5584 kB/s
129.159.197.137,8443,TRUE,FRA,Europe,Frankfurt,160 ms,5393 kB/s
130.162.211.207,8443,TRUE,FRA,Europe,Frankfurt,189 ms,5238 kB/s
143.47.243.144,8443,TRUE,LHR,Europe,London,187 ms,4969 kB/s
140.238.54.182,8443,TRUE,NRT,Asia Pacific,Tokyo,186 ms,4840 kB/s
150.230.212.87,8443,TRUE,NRT,Asia Pacific,Tokyo,177 ms,4651 kB/s
141.147.47.32,8443,TRUE,FRA,Europe,Frankfurt,203 ms,4590 kB/s
158.101.169.13,8443,TRUE,FRA,Europe,Frankfurt,188 ms,4326 kB/s
138.3.212.162,8443,TRUE,NRT,Asia Pacific,Tokyo,189 ms,4090 kB/s
158.101.146.203,8443,TRUE,NRT,Asia Pacific,Tokyo,189 ms,3964 kB/s
192.18.139.229,8443,TRUE,SJC,North America,San Jose,193 ms,3745 kB/s
141.147.61.116,8443,TRUE,FRA,Europe,Frankfurt,166 ms,3510 kB/s
140.238.38.245,8443,TRUE,NRT,Asia Pacific,Tokyo,184 ms,3251 kB/s
132.226.13.229,8443,TRUE,NRT,Asia Pacific,Tokyo,195 ms,3172 kB/s
132.145.121.247,8443,TRUE,NRT,Asia Pacific,Tokyo,179 ms,2839 kB/s
132.145.54.84,8443,TRUE,LHR,Europe,London,210 ms,2818 kB/s
140.238.39.21,8443,TRUE,NRT,Asia Pacific,Tokyo,181 ms,2703 kB/s
144.24.189.21,8443,TRUE,FRA,Europe,Frankfurt,164 ms,2586 kB/s
140.238.33.94,8443,TRUE,NRT,Asia Pacific,Tokyo,191 ms,2319 kB/s
138.2.6.252,8443,TRUE,NRT,Asia Pacific,Tokyo,197 ms,1667 kB/s
141.147.40.44,8443,TRUE,FRA,Europe,Frankfurt,163 ms,1004 kB/s
129.150.37.58,443,TRUE,SIN,Asia Pacific,Singapore,54 ms,11000 kb/s
146.56.151.2,443,TRUE,ICN,Asia Pacific,Seoul,75 ms,11000 kb/s
146.56.38.45,443,TRUE,NRT,Asia Pacific,Tokyo,78 ms,11000 kb/s
152.70.234.188,443,TRUE,NRT,Asia Pacific,Tokyo,81 ms,11000 kb/s
146.56.153.221,443,TRUE,NRT,Asia Pacific,Tokyo,84 ms,11000 kb/s
132.226.21.144,443,TRUE,NRT,Asia Pacific,Tokyo,87 ms,11000 kb/s
129.159.241.172,443,TRUE,FRA,Europe,Frankfurt,159 ms,11000 kb/s
192.18.134.251,443,TRUE,SJC,North America,San Jose,161 ms,11000 kb/s
138.2.225.190,443,TRUE,SJC,North America,San Jose,165 ms,11000 kb/s
138.2.134.241,443,TRUE,FRA,Europe,Frankfurt,169 ms,11000 kb/s
140.238.33.161,443,TRUE,NRT,Asia Pacific,Tokyo,171 ms,11000 kb/s
130.61.94.207,443,TRUE,FRA,Europe,Frankfurt,172 ms,11000 kb/s
141.144.253.109,443,TRUE,FRA,Europe,Frankfurt,173 ms,11000 kb/s
141.144.232.159,443,TRUE,FRA,Europe,Frankfurt,174 ms,11000 kb/s
192.18.141.9,443,TRUE,SJC,North America,San Jose,176 ms,11000 kb/s
141.148.229.106,443,TRUE,AMS,Europe,Amsterdam,176 ms,11000 kb/s
155.248.202.141,443,TRUE,SJC,North America,San Jose,178 ms,11000 kb/s
192.9.138.241,443,TRUE,SJC,North America,San Jose,183 ms,11000 kb/s
131.186.60.210,443,TRUE,NRT,Asia Pacific,Tokyo,184 ms,11000 kb/s
168.138.46.67,443,TRUE,KIX,Asia Pacific,Osaka,185 ms,11000 kb/s
140.238.80.173,443,TRUE,FRA,Europe,Frankfurt,190 ms,11000 kb/s
64.110.104.30,443,TRUE,KIX,Asia Pacific,Osaka,190 ms,11000 kb/s
158.180.231.216,443,TRUE,MRS,Europe,Marseille,190 ms,11000 kb/s
140.238.213.209,443,TRUE,MXP,Europe,Milan,191 ms,11000 kb/s
140.238.63.187,443,TRUE,NRT,Asia Pacific,Tokyo,191 ms,11000 kb/s
140.83.53.190,443,TRUE,KIX,Asia Pacific,Osaka,191 ms,11000 kb/s
138.2.124.21,443,TRUE,ICN,Asia Pacific,Seoul,206 ms,11000 kb/s
130.61.23.77,443,TRUE,FRA,Europe,Frankfurt,207 ms,11000 kb/s
152.67.218.88,443,TRUE,ICN,Asia Pacific,Seoul,211 ms,11000 kb/s
152.69.224.15,443,TRUE,ICN,Asia Pacific,Seoul,213 ms,11000 kb/s
129.159.84.71,443,TRUE,IAD,North America,Ashburn,221 ms,11000 kb/s
129.153.213.8,443,TRUE,LAX,North America,Los Angeles,227 ms,11000 kb/s
192.18.159.129,443,TRUE,YYZ,North America,Toronto,241 ms,11000 kb/s
129.153.165.237,443,TRUE,IAD,North America,Ashburn,247 ms,11000 kb/s
193.122.197.111,443,TRUE,IAD,North America,Ashburn,250 ms,11000 kb/s
168.138.70.29,443,TRUE,YYZ,North America,Toronto,257 ms,11000 kb/s
193.123.64.217,443,TRUE,CDG,Europe,Paris,263 ms,11000 kb/s
8.218.18.235,2053,TRUE,HKG,Asia Pacific,Hong Kong,14 ms,100000 kb/s
47.242.176.237,2053,TRUE,HKG,Asia Pacific,Hong Kong,15 ms,100000 kb/s
8.210.192.93,2053,TRUE,HKG,Asia Pacific,Hong Kong,18 ms,100000 kb/s
47.243.42.219,2053,TRUE,HKG,Asia Pacific,Hong Kong,18 ms,100000 kb/s
47.243.179.249,2053,TRUE,HKG,Asia Pacific,Hong Kong,20 ms,100000 kb/s
8.210.55.134,2053,TRUE,HKG,Asia Pacific,Hong Kong,24 ms,100000 kb/s
8.210.107.246,2053,TRUE,HKG,Asia Pacific,Hong Kong,25 ms,100000 kb/s
8.217.85.14,2053,TRUE,HKG,Asia Pacific,Hong Kong,28 ms,100000 kb/s
138.2.80.183,2053,TRUE,SIN,Asia Pacific,Singapore,43 ms,100000 kb/s
8.222.162.45,2053,TRUE,SIN,Asia Pacific,Singapore,44 ms,100000 kb/s
8.222.154.227,2053,TRUE,SIN,Asia Pacific,Singapore,44 ms,100000 kb/s
8.222.215.228,2053,TRUE,SIN,Asia Pacific,Singapore,44 ms,100000 kb/s
8.219.251.207,2053,TRUE,SIN,Asia Pacific,Singapore,44 ms,100000 kb/s
8.219.241.189,2053,TRUE,SIN,Asia Pacific,Singapore,46 ms,100000 kb/s
8.219.215.12,2053,TRUE,SIN,Asia Pacific,Singapore,47 ms,100000 kb/s
158.178.242.5,2053,TRUE,SIN,Asia Pacific,Singapore,47 ms,100000 kb/s
47.245.113.117,2053,TRUE,SIN,Asia Pacific,Singapore,47 ms,100000 kb/s
8.222.221.197,2053,TRUE,SIN,Asia Pacific,Singapore,48 ms,100000 kb/s
8.222.197.251,2053,TRUE,SIN,Asia Pacific,Singapore,48 ms,100000 kb/s
8.219.220.122,2053,TRUE,SIN,Asia Pacific,Singapore,48 ms,100000 kb/s
8.219.228.186,2053,TRUE,SIN,Asia Pacific,Singapore,48 ms,100000 kb/s
8.222.227.191,2053,TRUE,SIN,Asia Pacific,Singapore,49 ms,100000 kb/s
8.219.216.234,2053,TRUE,SIN,Asia Pacific,Singapore,49 ms,100000 kb/s
47.245.110.13,2053,TRUE,SIN,Asia Pacific,Singapore,49 ms,100000 kb/s
158.178.246.169,2053,TRUE,SIN,Asia Pacific,Singapore,49 ms,100000 kb/s
47.245.114.163,2053,TRUE,SIN,Asia Pacific,Singapore,49 ms,100000 kb/s
8.219.249.148,2053,TRUE,SIN,Asia Pacific,Singapore,50 ms,100000 kb/s
158.178.241.45,2053,TRUE,SIN,Asia Pacific,Singapore,50 ms,100000 kb/s
8.222.130.137,2053,TRUE,SIN,Asia Pacific,Singapore,50 ms,100000 kb/s
8.219.253.185,2053,TRUE,SIN,Asia Pacific,Singapore,50 ms,100000 kb/s
8.222.168.24,2053,TRUE,SIN,Asia Pacific,Singapore,50 ms,100000 kb/s
8.222.219.252,2053,TRUE,SIN,Asia Pacific,Singapore,50 ms,100000 kb/s
8.219.178.101,2053,TRUE,SIN,Asia Pacific,Singapore,51 ms,100000 kb/s
8.219.242.208,2053,TRUE,SIN,Asia Pacific,Singapore,51 ms,100000 kb/s
8.219.236.8,2053,TRUE,SIN,Asia Pacific,Singapore,51 ms,100000 kb/s
8.222.140.87,2053,TRUE,SIN,Asia Pacific,Singapore,52 ms,100000 kb/s
8.222.128.131,2053,TRUE,SIN,Asia Pacific,Singapore,52 ms,100000 kb/s
8.219.253.18,2053,TRUE,SIN,Asia Pacific,Singapore,52 ms,100000 kb/s
47.245.113.12,2053,TRUE,SIN,Asia Pacific,Singapore,52 ms,100000 kb/s
8.222.212.116,2053,TRUE,SIN,Asia Pacific,Singapore,52 ms,100000 kb/s
8.222.182.10,2053,TRUE,SIN,Asia Pacific,Singapore,52 ms,100000 kb/s
8.222.252.150,2053,TRUE,SIN,Asia Pacific,Singapore,53 ms,100000 kb/s
8.222.202.163,2053,TRUE,SIN,Asia Pacific,Singapore,53 ms,100000 kb/s
8.219.153.253,2053,TRUE,SIN,Asia Pacific,Singapore,53 ms,100000 kb/s
8.222.150.197,2053,TRUE,SIN,Asia Pacific,Singapore,53 ms,100000 kb/s
8.222.134.170,2053,TRUE,SIN,Asia Pacific,Singapore,53 ms,100000 kb/s
8.222.156.205,2053,TRUE,SIN,Asia Pacific,Singapore,53 ms,100000 kb/s
8.222.144.219,2053,TRUE,SIN,Asia Pacific,Singapore,53 ms,100000 kb/s
8.222.240.47,2053,TRUE,SIN,Asia Pacific,Singapore,53 ms,100000 kb/s
8.222.137.166,2053,TRUE,SIN,Asia Pacific,Singapore,54 ms,100000 kb/s
8.219.6.157,2053,TRUE,SIN,Asia Pacific,Singapore,54 ms,100000 kb/s
8.219.222.98,2053,TRUE,SIN,Asia Pacific,Singapore,54 ms,100000 kb/s
8.222.133.247,2053,TRUE,SIN,Asia Pacific,Singapore,54 ms,100000 kb/s
8.222.199.55,2053,TRUE,SIN,Asia Pacific,Singapore,55 ms,100000 kb/s
8.222.224.162,2053,TRUE,SIN,Asia Pacific,Singapore,56 ms,100000 kb/s
8.219.210.226,2053,TRUE,SIN,Asia Pacific,Singapore,56 ms,100000 kb/s
8.222.212.255,2053,TRUE,SIN,Asia Pacific,Singapore,56 ms,100000 kb/s
8.219.210.64,2053,TRUE,SIN,Asia Pacific,Singapore,56 ms,100000 kb/s
8.222.129.245,2053,TRUE,SIN,Asia Pacific,Singapore,57 ms,100000 kb/s
47.245.115.6,2053,TRUE,SIN,Asia Pacific,Singapore,58 ms,100000 kb/s
47.74.13.66,2053,TRUE,NRT,Asia Pacific,Tokyo,59 ms,100000 kb/s
47.245.118.197,2053,TRUE,SIN,Asia Pacific,Singapore,59 ms,100000 kb/s
8.219.210.214,2053,TRUE,SIN,Asia Pacific,Singapore,59 ms,100000 kb/s
8.219.122.55,2053,TRUE,SIN,Asia Pacific,Singapore,60 ms,100000 kb/s
47.245.118.70,2053,TRUE,SIN,Asia Pacific,Singapore,61 ms,100000 kb/s
8.219.228.157,2053,TRUE,SIN,Asia Pacific,Singapore,63 ms,100000 kb/s
8.219.239.79,2053,TRUE,SIN,Asia Pacific,Singapore,63 ms,100000 kb/s
47.245.7.212,2053,TRUE,NRT,Asia Pacific,Tokyo,65 ms,100000 kb/s
47.74.43.24,2053,TRUE,NRT,Asia Pacific,Tokyo,65 ms,100000 kb/s
47.74.6.55,2053,TRUE,NRT,Asia Pacific,Tokyo,66 ms,100000 kb/s
8.209.241.128,2053,TRUE,NRT,Asia Pacific,Tokyo,67 ms,100000 kb/s
47.245.57.109,2053,TRUE,NRT,Asia Pacific,Tokyo,68 ms,100000 kb/s
47.74.12.139,2053,TRUE,NRT,Asia Pacific,Tokyo,69 ms,100000 kb/s
47.91.1.199,2053,TRUE,NRT,Asia Pacific,Tokyo,69 ms,100000 kb/s
47.245.37.29,2053,TRUE,NRT,Asia Pacific,Tokyo,70 ms,100000 kb/s
47.245.54.197,2053,TRUE,NRT,Asia Pacific,Tokyo,70 ms,100000 kb/s
8.219.253.114,2053,TRUE,SIN,Asia Pacific,Singapore,70 ms,100000 kb/s
47.74.52.104,2053,TRUE,NRT,Asia Pacific,Tokyo,70 ms,100000 kb/s
47.245.9.99,2053,TRUE,NRT,Asia Pacific,Tokyo,71 ms,100000 kb/s
47.245.41.69,2053,TRUE,NRT,Asia Pacific,Tokyo,71 ms,100000 kb/s
47.74.14.85,2053,TRUE,NRT,Asia Pacific,Tokyo,71 ms,100000 kb/s
47.74.11.9,2053,TRUE,NRT,Asia Pacific,Tokyo,71 ms,100000 kb/s
47.245.11.216,2053,TRUE,NRT,Asia Pacific,Tokyo,71 ms,100000 kb/s
47.91.2.165,2053,TRUE,NRT,Asia Pacific,Tokyo,72 ms,100000 kb/s
47.74.11.251,2053,TRUE,NRT,Asia Pacific,Tokyo,73 ms,100000 kb/s
47.245.29.64,2053,TRUE,NRT,Asia Pacific,Tokyo,74 ms,100000 kb/s
47.91.14.62,2053,TRUE,NRT,Asia Pacific,Tokyo,75 ms,100000 kb/s
47.245.8.185,2053,TRUE,NRT,Asia Pacific,Tokyo,76 ms,100000 kb/s
47.245.8.156,2053,TRUE,NRT,Asia Pacific,Tokyo,76 ms,100000 kb/s
47.245.12.179,2053,TRUE,NRT,Asia Pacific,Tokyo,77 ms,100000 kb/s
47.245.28.255,2053,TRUE,NRT,Asia Pacific,Tokyo,77 ms,100000 kb/s
47.245.3.137,2053,TRUE,NRT,Asia Pacific,Tokyo,77 ms,100000 kb/s
47.245.56.50,2053,TRUE,NRT,Asia Pacific,Tokyo,77 ms,100000 kb/s
47.245.59.133,2053,TRUE,NRT,Asia Pacific,Tokyo,77 ms,100000 kb/s
47.91.16.198,2053,TRUE,NRT,Asia Pacific,Tokyo,77 ms,100000 kb/s
8.209.243.172,2053,TRUE,NRT,Asia Pacific,Tokyo,78 ms,100000 kb/s
47.245.59.244,2053,TRUE,NRT,Asia Pacific,Tokyo,79 ms,100000 kb/s
8.209.215.247,2053,TRUE,NRT,Asia Pacific,Tokyo,79 ms,100000 kb/s
8.209.242.25,2053,TRUE,NRT,Asia Pacific,Tokyo,80 ms,100000 kb/s
8.209.212.5,2053,TRUE,NRT,Asia Pacific,Tokyo,80 ms,100000 kb/s
47.245.33.163,2053,TRUE,NRT,Asia Pacific,Tokyo,80 ms,100000 kb/s
47.245.34.140,2053,TRUE,NRT,Asia Pacific,Tokyo,81 ms,100000 kb/s
47.91.14.69,2053,TRUE,NRT,Asia Pacific,Tokyo,81 ms,100000 kb/s
8.209.200.73,2053,TRUE,NRT,Asia Pacific,Tokyo,82 ms,100000 kb/s
47.74.7.51,2053,TRUE,NRT,Asia Pacific,Tokyo,83 ms,100000 kb/s
47.245.52.165,2053,TRUE,NRT,Asia Pacific,Tokyo,84 ms,100000 kb/s
47.245.15.236,2053,TRUE,NRT,Asia Pacific,Tokyo,84 ms,100000 kb/s
47.245.59.167,2053,TRUE,NRT,Asia Pacific,Tokyo,90 ms,100000 kb/s
47.74.46.84,2053,TRUE,NRT,Asia Pacific,Tokyo,90 ms,100000 kb/s
47.91.10.228,2053,TRUE,NRT,Asia Pacific,Tokyo,94 ms,100000 kb/s
8.209.252.13,2053,TRUE,NRT,Asia Pacific,Tokyo,95 ms,100000 kb/s
47.243.173.187,2053,TRUE,HKG,Asia Pacific,Hong Kong,97 ms,100000 kb/s
47.245.33.158,2053,TRUE,NRT,Asia Pacific,Tokyo,98 ms,100000 kb/s
47.74.26.132,2053,TRUE,NRT,Asia Pacific,Tokyo,98 ms,100000 kb/s
47.245.2.231,2053,TRUE,NRT,Asia Pacific,Tokyo,100 ms,100000 kb/s
47.91.3.135,2053,TRUE,NRT,Asia Pacific,Tokyo,101 ms,100000 kb/s
47.91.19.249,2053,TRUE,NRT,Asia Pacific,Tokyo,107 ms,100000 kb/s
193.122.125.174,2053,TRUE,ICN,Asia Pacific,Seoul,110 ms,100000 kb/s
47.74.13.200,2053,TRUE,NRT,Asia Pacific,Tokyo,116 ms,100000 kb/s
8.222.191.158,2053,TRUE,SIN,Asia Pacific,Singapore,116 ms,100000 kb/s
47.74.54.33,2053,TRUE,NRT,Asia Pacific,Tokyo,118 ms,100000 kb/s
141.147.40.44,2053,TRUE,FRA,Europe,Frankfurt,148 ms,100000 kb/s
47.245.6.9,2053,TRUE,HKG,Asia Pacific,Hong Kong,155 ms,100000 kb/s
158.101.169.13,2053,TRUE,FRA,Europe,Frankfurt,156 ms,100000 kb/s
158.101.175.51,2053,TRUE,FRA,Europe,Frankfurt,156 ms,100000 kb/s
144.21.32.193,2053,TRUE,AMS,Europe,Amsterdam,163 ms,100000 kb/s
158.101.206.70,2053,TRUE,AMS,Europe,Amsterdam,167 ms,100000 kb/s
8.209.222.232,2053,TRUE,HKG,Asia Pacific,Hong Kong,167 ms,100000 kb/s
168.138.215.188,2053,TRUE,NRT,Asia Pacific,Tokyo,167 ms,100000 kb/s
132.145.54.84,2053,TRUE,LHR,Europe,London,167 ms,100000 kb/s
140.238.54.164,2053,TRUE,NRT,Asia Pacific,Tokyo,169 ms,100000 kb/s
144.24.169.81,2053,TRUE,FRA,Europe,Frankfurt,171 ms,100000 kb/s
143.47.243.144,2053,TRUE,LHR,Europe,London,173 ms,100000 kb/s
140.238.51.89,2053,TRUE,NRT,Asia Pacific,Tokyo,174 ms,100000 kb/s
140.83.35.198,2053,TRUE,NRT,Asia Pacific,Tokyo,175 ms,100000 kb/s
158.101.90.190,2053,TRUE,NRT,Asia Pacific,Tokyo,175 ms,100000 kb/s
138.3.222.50,2053,TRUE,NRT,Asia Pacific,Tokyo,176 ms,100000 kb/s
132.226.9.173,2053,TRUE,NRT,Asia Pacific,Tokyo,176 ms,100000 kb/s
158.101.142.103,2053,TRUE,NRT,Asia Pacific,Tokyo,176 ms,100000 kb/s
158.101.133.129,2053,TRUE,NRT,Asia Pacific,Tokyo,177 ms,100000 kb/s
158.101.149.81,2053,TRUE,NRT,Asia Pacific,Tokyo,177 ms,100000 kb/s
168.138.209.244,2053,TRUE,NRT,Asia Pacific,Tokyo,177 ms,100000 kb/s
138.2.10.251,2053,TRUE,NRT,Asia Pacific,Tokyo,177 ms,100000 kb/s
150.230.108.82,2053,TRUE,NRT,Asia Pacific,Tokyo,177 ms,100000 kb/s
168.138.212.175,2053,TRUE,NRT,Asia Pacific,Tokyo,177 ms,100000 kb/s
138.2.15.8,2053,TRUE,NRT,Asia Pacific,Tokyo,178 ms,100000 kb/s
140.238.61.224,2053,TRUE,NRT,Asia Pacific,Tokyo,179 ms,100000 kb/s
150.230.221.114,2053,TRUE,NRT,Asia Pacific,Tokyo,179 ms,100000 kb/s
168.138.209.84,2053,TRUE,NRT,Asia Pacific,Tokyo,180 ms,100000 kb/s
138.2.6.252,2053,TRUE,NRT,Asia Pacific,Tokyo,180 ms,100000 kb/s
158.101.139.42,2053,TRUE,NRT,Asia Pacific,Tokyo,180 ms,100000 kb/s
138.2.26.80,2053,TRUE,NRT,Asia Pacific,Tokyo,180 ms,100000 kb/s
158.101.92.156,2053,TRUE,NRT,Asia Pacific,Tokyo,180 ms,100000 kb/s
168.138.211.217,2053,TRUE,NRT,Asia Pacific,Tokyo,180 ms,100000 kb/s
168.138.203.39,2053,TRUE,NRT,Asia Pacific,Tokyo,180 ms,100000 kb/s
144.24.173.250,2053,TRUE,FRA,Europe,Frankfurt,181 ms,100000 kb/s
158.101.88.214,2053,TRUE,NRT,Asia Pacific,Tokyo,181 ms,100000 kb/s
168.138.198.53,2053,TRUE,NRT,Asia Pacific,Tokyo,181 ms,100000 kb/s
132.145.125.165,2053,TRUE,NRT,Asia Pacific,Tokyo,181 ms,100000 kb/s
131.186.63.35,2053,TRUE,NRT,Asia Pacific,Tokyo,181 ms,100000 kb/s
155.248.187.37,2053,TRUE,NRT,Asia Pacific,Tokyo,181 ms,100000 kb/s
141.147.61.116,2053,TRUE,FRA,Europe,Frankfurt,181 ms,100000 kb/s
138.2.25.122,2053,TRUE,NRT,Asia Pacific,Tokyo,181 ms,100000 kb/s
158.101.93.200,2053,TRUE,NRT,Asia Pacific,Tokyo,181 ms,100000 kb/s
158.101.69.12,2053,TRUE,NRT,Asia Pacific,Tokyo,181 ms,100000 kb/s
143.47.182.56,2053,TRUE,AMS,Europe,Amsterdam,181 ms,100000 kb/s
150.230.202.132,2053,TRUE,NRT,Asia Pacific,Tokyo,181 ms,100000 kb/s
138.3.216.181,2053,TRUE,NRT,Asia Pacific,Tokyo,181 ms,100000 kb/s
141.147.160.221,2053,TRUE,NRT,Asia Pacific,Tokyo,182 ms,100000 kb/s
132.145.120.197,2053,TRUE,NRT,Asia Pacific,Tokyo,182 ms,100000 kb/s
158.101.147.4,2053,TRUE,NRT,Asia Pacific,Tokyo,182 ms,100000 kb/s
152.70.106.21,2053,TRUE,NRT,Asia Pacific,Tokyo,182 ms,100000 kb/s
138.2.27.113,2053,TRUE,NRT,Asia Pacific,Tokyo,182 ms,100000 kb/s
47.245.4.22,2053,TRUE,HKG,Asia Pacific,Hong Kong,182 ms,100000 kb/s
138.2.11.227,2053,TRUE,NRT,Asia Pacific,Tokyo,182 ms,100000 kb/s
132.226.0.181,2053,TRUE,NRT,Asia Pacific,Tokyo,182 ms,100000 kb/s
138.2.19.154,2053,TRUE,NRT,Asia Pacific,Tokyo,182 ms,100000 kb/s
158.101.94.15,2053,TRUE,NRT,Asia Pacific,Tokyo,183 ms,100000 kb/s
132.226.5.102,2053,TRUE,NRT,Asia Pacific,Tokyo,183 ms,100000 kb/s
168.138.200.155,2053,TRUE,NRT,Asia Pacific,Tokyo,183 ms,100000 kb/s
168.138.205.195,2053,TRUE,NRT,Asia Pacific,Tokyo,183 ms,100000 kb/s
140.83.38.243,2053,TRUE,NRT,Asia Pacific,Tokyo,183 ms,100000 kb/s
132.226.5.76,2053,TRUE,NRT,Asia Pacific,Tokyo,183 ms,100000 kb/s
141.147.167.44,2053,TRUE,NRT,Asia Pacific,Tokyo,183 ms,100000 kb/s
140.83.35.172,2053,TRUE,NRT,Asia Pacific,Tokyo,183 ms,100000 kb/s
152.70.106.195,2053,TRUE,NRT,Asia Pacific,Tokyo,183 ms,100000 kb/s
155.248.167.70,2053,TRUE,NRT,Asia Pacific,Tokyo,183 ms,100000 kb/s
150.230.201.162,2053,TRUE,NRT,Asia Pacific,Tokyo,184 ms,100000 kb/s
152.70.106.13,2053,TRUE,NRT,Asia Pacific,Tokyo,184 ms,100000 kb/s
158.101.70.155,2053,TRUE,NRT,Asia Pacific,Tokyo,184 ms,100000 kb/s
141.147.178.115,2053,TRUE,NRT,Asia Pacific,Tokyo,184 ms,100000 kb/s
158.101.136.128,2053,TRUE,NRT,Asia Pacific,Tokyo,184 ms,100000 kb/s
138.3.212.162,2053,TRUE,NRT,Asia Pacific,Tokyo,184 ms,100000 kb/s
168.138.206.109,2053,TRUE,NRT,Asia Pacific,Tokyo,184 ms,100000 kb/s
158.101.136.221,2053,TRUE,NRT,Asia Pacific,Tokyo,184 ms,100000 kb/s
150.230.192.173,2053,TRUE,NRT,Asia Pacific,Tokyo,184 ms,100000 kb/s
131.186.39.42,2053,TRUE,NRT,Asia Pacific,Tokyo,184 ms,100000 kb/s
155.248.160.116,2053,TRUE,NRT,Asia Pacific,Tokyo,185 ms,100000 kb/s
132.145.127.203,2053,TRUE,NRT,Asia Pacific,Tokyo,185 ms,100000 kb/s
140.238.35.195,2053,TRUE,NRT,Asia Pacific,Tokyo,185 ms,100000 kb/s
155.248.186.182,2053,TRUE,NRT,Asia Pacific,Tokyo,185 ms,100000 kb/s
150.230.219.83,2053,TRUE,NRT,Asia Pacific,Tokyo,185 ms,100000 kb/s
150.230.201.39,2053,TRUE,NRT,Asia Pacific,Tokyo,185 ms,100000 kb/s
168.138.202.169,2053,TRUE,NRT,Asia Pacific,Tokyo,185 ms,100000 kb/s
138.2.6.248,2053,TRUE,NRT,Asia Pacific,Tokyo,185 ms,100000 kb/s
132.226.8.9,2053,TRUE,NRT,Asia Pacific,Tokyo,185 ms,100000 kb/s
150.230.197.156,2053,TRUE,NRT,Asia Pacific,Tokyo,185 ms,100000 kb/s
138.3.222.204,2053,TRUE,NRT,Asia Pacific,Tokyo,186 ms,100000 kb/s
140.83.37.145,2053,TRUE,NRT,Asia Pacific,Tokyo,186 ms,100000 kb/s
132.145.115.17,2053,TRUE,NRT,Asia Pacific,Tokyo,186 ms,100000 kb/s
132.145.122.95,2053,TRUE,NRT,Asia Pacific,Tokyo,186 ms,100000 kb/s
140.238.41.167,2053,TRUE,NRT,Asia Pacific,Tokyo,186 ms,100000 kb/s
140.83.34.230,2053,TRUE,NRT,Asia Pacific,Tokyo,186 ms,100000 kb/s
150.230.217.29,2053,TRUE,NRT,Asia Pacific,Tokyo,186 ms,100000 kb/s
158.101.137.96,2053,TRUE,NRT,Asia Pacific,Tokyo,186 ms,100000 kb/s
168.138.217.146,2053,TRUE,NRT,Asia Pacific,Tokyo,186 ms,100000 kb/s
150.230.105.179,2053,TRUE,NRT,Asia Pacific,Tokyo,186 ms,100000 kb/s
131.186.63.127,2053,TRUE,NRT,Asia Pacific,Tokyo,186 ms,100000 kb/s
150.230.208.83,2053,TRUE,NRT,Asia Pacific,Tokyo,186 ms,100000 kb/s
158.101.149.52,2053,TRUE,NRT,Asia Pacific,Tokyo,186 ms,100000 kb/s
132.145.112.168,2053,TRUE,NRT,Asia Pacific,Tokyo,187 ms,100000 kb/s
140.238.34.208,2053,TRUE,NRT,Asia Pacific,Tokyo,187 ms,100000 kb/s
168.138.213.210,2053,TRUE,NRT,Asia Pacific,Tokyo,187 ms,100000 kb/s
168.138.195.31,2053,TRUE,NRT,Asia Pacific,Tokyo,187 ms,100000 kb/s
168.138.200.159,2053,TRUE,NRT,Asia Pacific,Tokyo,187 ms,100000 kb/s
155.248.177.90,2053,TRUE,NRT,Asia Pacific,Tokyo,187 ms,100000 kb/s
138.3.223.70,2053,TRUE,NRT,Asia Pacific,Tokyo,187 ms,100000 kb/s
132.145.121.34,2053,TRUE,NRT,Asia Pacific,Tokyo,187 ms,100000 kb/s
132.145.120.118,2053,TRUE,NRT,Asia Pacific,Tokyo,187 ms,100000 kb/s
155.248.166.39,2053,TRUE,NRT,Asia Pacific,Tokyo,187 ms,100000 kb/s
155.248.162.233,2053,TRUE,NRT,Asia Pacific,Tokyo,187 ms,100000 kb/s
158.101.149.71,2053,TRUE,NRT,Asia Pacific,Tokyo,187 ms,100000 kb/s
158.101.158.251,2053,TRUE,NRT,Asia Pacific,Tokyo,187 ms,100000 kb/s
141.147.169.131,2053,TRUE,NRT,Asia Pacific,Tokyo,187 ms,100000 kb/s
140.238.35.138,2053,TRUE,NRT,Asia Pacific,Tokyo,187 ms,100000 kb/s
132.145.121.175,2053,TRUE,NRT,Asia Pacific,Tokyo,187 ms,100000 kb/s
132.145.114.14,2053,TRUE,NRT,Asia Pacific,Tokyo,187 ms,100000 kb/s
132.145.123.14,2053,TRUE,NRT,Asia Pacific,Tokyo,187 ms,100000 kb/s
150.230.212.9,2053,TRUE,NRT,Asia Pacific,Tokyo,187 ms,100000 kb/s
132.226.5.21,2053,TRUE,NRT,Asia Pacific,Tokyo,188 ms,100000 kb/s
140.238.32.112,2053,TRUE,NRT,Asia Pacific,Tokyo,188 ms,100000 kb/s
158.101.81.4,2053,TRUE,NRT,Asia Pacific,Tokyo,188 ms,100000 kb/s
168.138.212.40,2053,TRUE,NRT,Asia Pacific,Tokyo,188 ms,100000 kb/s
158.101.140.255,2053,TRUE,NRT,Asia Pacific,Tokyo,188 ms,100000 kb/s
140.238.61.78,2053,TRUE,NRT,Asia Pacific,Tokyo,188 ms,100000 kb/s
141.147.169.195,2053,TRUE,NRT,Asia Pacific,Tokyo,188 ms,100000 kb/s
155.248.163.133,2053,TRUE,NRT,Asia Pacific,Tokyo,188 ms,100000 kb/s
140.238.32.184,2053,TRUE,NRT,Asia Pacific,Tokyo,188 ms,100000 kb/s
131.186.35.189,2053,TRUE,NRT,Asia Pacific,Tokyo,188 ms,100000 kb/s
131.186.43.207,2053,TRUE,NRT,Asia Pacific,Tokyo,189 ms,100000 kb/s
140.238.38.245,2053,TRUE,NRT,Asia Pacific,Tokyo,189 ms,100000 kb/s
132.145.126.21,2053,TRUE,NRT,Asia Pacific,Tokyo,189 ms,100000 kb/s
150.230.212.87,2053,TRUE,NRT,Asia Pacific,Tokyo,189 ms,100000 kb/s
168.138.212.184,2053,TRUE,NRT,Asia Pacific,Tokyo,189 ms,100000 kb/s
158.101.155.158,2053,TRUE,NRT,Asia Pacific,Tokyo,189 ms,100000 kb/s
158.101.131.218,2053,TRUE,NRT,Asia Pacific,Tokyo,189 ms,100000 kb/s
140.238.54.182,2053,TRUE,NRT,Asia Pacific,Tokyo,189 ms,100000 kb/s
168.138.202.145,2053,TRUE,NRT,Asia Pacific,Tokyo,189 ms,100000 kb/s
158.101.144.189,2053,TRUE,NRT,Asia Pacific,Tokyo,189 ms,100000 kb/s
138.3.218.160,2053,TRUE,NRT,Asia Pacific,Tokyo,189 ms,100000 kb/s
155.248.160.83,2053,TRUE,NRT,Asia Pacific,Tokyo,189 ms,100000 kb/s
140.238.42.149,2053,TRUE,NRT,Asia Pacific,Tokyo,190 ms,100000 kb/s
131.186.34.244,2053,TRUE,NRT,Asia Pacific,Tokyo,190 ms,100000 kb/s
168.138.194.121,2053,TRUE,NRT,Asia Pacific,Tokyo,190 ms,100000 kb/s
150.230.219.168,2053,TRUE,NRT,Asia Pacific,Tokyo,190 ms,100000 kb/s
141.147.183.96,2053,TRUE,NRT,Asia Pacific,Tokyo,190 ms,100000 kb/s
150.230.204.117,2053,TRUE,NRT,Asia Pacific,Tokyo,190 ms,100000 kb/s
131.186.47.223,2053,TRUE,NRT,Asia Pacific,Tokyo,191 ms,100000 kb/s
150.230.207.53,2053,TRUE,NRT,Asia Pacific,Tokyo,191 ms,100000 kb/s
141.147.191.211,2053,TRUE,NRT,Asia Pacific,Tokyo,191 ms,100000 kb/s
131.186.44.38,2053,TRUE,NRT,Asia Pacific,Tokyo,191 ms,100000 kb/s
132.226.14.155,2053,TRUE,NRT,Asia Pacific,Tokyo,192 ms,100000 kb/s
132.145.117.33,2053,TRUE,NRT,Asia Pacific,Tokyo,192 ms,100000 kb/s
132.145.120.115,2053,TRUE,NRT,Asia Pacific,Tokyo,192 ms,100000 kb/s
140.238.33.165,2053,TRUE,NRT,Asia Pacific,Tokyo,192 ms,100000 kb/s
138.3.223.50,2053,TRUE,NRT,Asia Pacific,Tokyo,192 ms,100000 kb/s
155.248.169.25,2053,TRUE,NRT,Asia Pacific,Tokyo,192 ms,100000 kb/s
132.145.124.198,2053,TRUE,NRT,Asia Pacific,Tokyo,192 ms,100000 kb/s
158.101.158.238,2053,TRUE,NRT,Asia Pacific,Tokyo,193 ms,100000 kb/s
152.70.106.185,2053,TRUE,NRT,Asia Pacific,Tokyo,193 ms,100000 kb/s
132.145.120.182,2053,TRUE,NRT,Asia Pacific,Tokyo,194 ms,100000 kb/s
150.230.105.53,2053,TRUE,NRT,Asia Pacific,Tokyo,194 ms,100000 kb/s
140.238.46.138,2053,TRUE,NRT,Asia Pacific,Tokyo,194 ms,100000 kb/s
131.186.34.11,2053,TRUE,NRT,Asia Pacific,Tokyo,194 ms,100000 kb/s
152.70.98.174,2053,TRUE,NRT,Asia Pacific,Tokyo,195 ms,100000 kb/s
150.230.105.183,2053,TRUE,NRT,Asia Pacific,Tokyo,196 ms,100000 kb/s
140.238.52.141,2053,TRUE,NRT,Asia Pacific,Tokyo,197 ms,100000 kb/s
155.248.180.103,2053,TRUE,NRT,Asia Pacific,Tokyo,197 ms,100000 kb/s
158.101.32.53,2053,TRUE,LAX,North America,Los Angeles,199 ms,100000 kb/s
150.230.202.232,2053,TRUE,NRT,Asia Pacific,Tokyo,201 ms,100000 kb/s
158.101.146.160,2053,TRUE,NRT,Asia Pacific,Tokyo,202 ms,100000 kb/s
152.70.102.142,2053,TRUE,NRT,Asia Pacific,Tokyo,203 ms,100000 kb/s
138.3.217.39,2053,TRUE,NRT,Asia Pacific,Tokyo,204 ms,100000 kb/s
168.138.185.253,2053,TRUE,SIN,Asia Pacific,Singapore,206 ms,100000 kb/s
168.138.168.57,2053,TRUE,SIN,Asia Pacific,Singapore,207 ms,100000 kb/s
168.138.161.0,2053,TRUE,SIN,Asia Pacific,Singapore,213 ms,100000 kb/s
152.70.99.187,2053,TRUE,NRT,Asia Pacific,Tokyo,220 ms,100000 kb/s
138.2.14.248,2053,TRUE,HKG,Asia Pacific,Hong Kong,238 ms,100000 kb/s
150.230.105.228,2053,TRUE,HKG,Asia Pacific,Hong Kong,243 ms,100000 kb/s
141.147.178.135,2053,TRUE,HKG,Asia Pacific,Hong Kong,250 ms,100000 kb/s
132.145.121.242,2053,TRUE,HKG,Asia Pacific,Hong Kong,251 ms,100000 kb/s
